C001,[RuHexpl][Branch1_1][C][Cl][Branch2_1][Branch1_1][Ring1][P][Branch2_1][Ring1][=N][C][C][NHexpl][Ring1][Branch1_2][C][C][P][Ring1][Branch2_2][Branch1_1][Branch2_2][C][=C][C][=C][C][=C][Ring1][Branch1_2][C][=C][C][=C][C][=C][Ring1][Branch1_2][Branch1_1][Branch2_2][C][=C][C][=C][C][=C][Ring1][Branch1_2][C][=C][C][=C][C][=C][Ring1][Branch1_2][Cexpl][Oexpl],
C002,[Ruexpl][Branch1_1][C][Cl][Branch1_1][C][Cl][Branch2_1][Ring1][=C][P][Branch1_1][Branch2_2][C][=C][C][=C][C][=C][Ring1][Branch1_2][Branch1_1][Branch2_2][C][=C][C][=C][C][=C][Ring1][Branch1_2][C][=C][C][=C][C][=C][Ring1][Branch1_2][P][Branch1_1][Branch2_2][C][=C][C][=C][C][=C][Ring1][Branch1_2][Branch2_1][Ring1][Ring1][C][C][N@@Hexpl][Ring2][Ring1][S][C][C][=C][C][C][=C][N][Ring2][Ring2][Branch1_3][Ring1][Branch1_2][C][=C][C][=C][C][=C][Ring1][Branch1_2],
C003,[RuHexpl][Branch2_1][Ring2][=C][P][Branch2_1][Ring1][=C][C][C][=C][C][C][=C][Branch1_1][Branch1_2][N][Ring1][Branch2_2][Ring1][Branch1_2][C][P][Ring1][O][Branch1_1][Branch1_2][C][Branch1_1][C][C][C][C][Branch1_1][C][C][C][Branch1_1][Branch1_2][C][Branch1_1][C][C][C][C][Branch1_1][C][C][C][Branch1_1][Ring1][Cexpl][Oexpl][Cl],
C004,[RuHexpl][Branch1_1][C][Cl][Branch2_1][Ring2][=C][P][Branch2_1][Ring1][Branch2_1][C][C][=C][C][C][=C][Branch1_1][Branch1_2][N][Ring1][Branch2_3][Ring1][Branch1_2][C][Nexpl][Ring1][N][Branch1_1][Ring1][C][C][C][C][Branch1_1][Branch2_2][C][Branch1_1][C][C][Branch1_1][C][C][C][C][Branch1_1][C][C][Branch1_1][C][C][C][Cexpl][Oexpl],
C005,[RuHexpl][Branch2_1][Ring2][P][P][Branch2_1][Ring1][O][C][C][=C][C][C][=C][Branch1_1][Branch1_2][N][Ring1][Branch2_2][Ring1][Branch1_2][C][NHexpl][Ring1][O][C][C][=C][C][=C][C][=C][Ring1][Branch1_2][Branch1_1][Branch2_2][C][Branch1_1][C][C][Branch1_1][C][C][C][C][Branch1_1][C][C][Branch1_1][C][C][C][Branch1_1][Ring1][Cexpl][Oexpl][Cl],
C006,[RuHexpl][Branch2_1][Ring2][S][P][Branch2_1][Ring1][Branch2_3][C][C][=C][C][C][=C][Branch1_1][Branch1_2][N][Ring1][Branch2_2][Ring1][Branch1_2][C][NHexpl][Ring1][O][C][Branch1_1][C][C][Branch1_1][C][C][C][Branch1_1][Branch2_2][C][Branch1_1][C][C][Branch1_1][C][C][C][C][Branch1_1][C][C][Branch1_1][C][C][C][Branch1_1][Ring1][Cexpl][Oexpl][Cl],
C007,[RuHexpl][Branch1_1][C][Br][Branch2_1][Branch1_1][Branch2_1][Nexpl][Branch1_1][Ring1][C][C][Branch1_1][Ring1][C][C][C][C][=C][C][C][=C][Branch1_1][Branch1_2][N][Ring1][=C][Ring1][Branch1_2][C][N][C][=C][N][Branch1_1][Branch1_3][C@@Hexpl][Ring2][Ring1][Ring2][Ring1][Branch1_1][C][=C][Branch1_1][N][C][=C][C][=C][Ring1][Branch1_2][C][Branch1_1][C][C][C][C][Branch1_1][C][C][C][Cexpl][Oexpl],
C008,[RuHexpl][Branch2_1][Ring1][=C][P][Branch1_1][Branch2_2][C][=C][C][=C][C][=C][Ring1][Branch1_2][Branch1_1][Branch2_2][C][=C][C][=C][C][=C][Ring1][Branch1_2][C][=C][C][=C][C][=C][Ring1][Branch1_2][Branch2_1][Ring2][S][P][Branch2_1][Ring1][Branch2_3][C][C][N][Ring2][Ring1][Branch2_1][C@Hexpl][C][=C][Branch1_1][Branch2_3][C][C][=C][N][Ring2][Ring1][#C][Ring1][Branch1_2][C][C][C][Ring1][Branch2_3][Branch1_1][Branch2_2][C][=C][C][=C][C][=C][Ring1][Branch1_2][C][=C][C][=C][C][=C][Ring1][Branch1_2][Cexpl][Oexpl],
C009,[RuHexpl][Branch2_1][Ring2][=C][P][Branch2_1][Ring1][Branch2_1][C][C][N@@Hexpl][Ring1][Branch1_1][C@Hexpl][C][=C][Branch1_1][Branch2_2][C][C][=C][N][Ring1][N][Ring1][Branch1_2][C][C][C][Ring1][Branch2_3][Branch1_1][Branch2_2][C][=C][C][=C][C][=C][Ring1][Branch1_2][C][=C][C][=C][C][=C][Ring1][Branch1_2][Cexpl][Oexpl].[BH4expl],
C010,[Ruexpl][Branch2_1][Branch1_1][S][P][Branch1_1][Branch2_2][C][=C][C][=C][C][=C][Ring1][Branch1_2][Branch2_1][Ring2][Branch2_3][C][C][=C][C][C][=C][Branch1_1][Branch1_2][N][Ring1][#C][Ring1][Branch1_2][C][N@@Hexpl][Ring1][P][C][C][P][Ring2][Ring1][Ring2][Branch1_1][Branch2_2][C][=C][C][=C][C][=C][Ring1][Branch1_2][C][=C][C][=C][C][=C][Ring1][Branch1_2][C][=C][C][=C][C][=C][Ring1][Branch1_2][Branch1_1][C][Cl][Cl],
C011,[Ruexpl][Branch2_1][Branch1_1][Ring2][P][Branch2_1][Ring1][=C][C][C][N@@Hexpl][Ring1][Branch1_1][C][C][=C][C][C][=C][Branch1_1][Branch1_2][N][Ring1][N][Ring1][Branch1_2][C][=C][C][C][=C][N][Ring2][Ring1][C][Ring1][Branch1_2][Branch1_1][Branch2_2][C][=C][C][=C][C][=C][Ring1][Branch1_2][C][=C][C][=C][C][=C][Ring1][Branch1_2][Branch1_1][C][Cl][Cl],
C012,[Ruexpl][Branch2_1][Branch1_1][S][P][Branch1_1][Branch2_2][C][=C][C][=C][C][=C][Ring1][Branch1_2][Branch1_1][Branch2_2][C][=C][C][=C][C][=C][Ring1][Branch1_2][C][=C][Branch2_1][Ring1][#C][C][N@Hexpl][Ring2][Ring1][C][C][C][=C][C][C][=C][Branch1_1][Branch1_3][N][Ring2][Ring1][Branch2_2][Ring1][Branch1_2][C][=C][C][C][=C][N][Ring2][Ring1][#C][Ring1][Branch1_2][C][=C][C][=C][Ring2][Ring1][Branch1_1][Branch1_1][C][Cl][Cl],
C013,[Ruexpl][Branch1_1][C][Cl][Branch1_1][C][Cl][Branch2_1][Ring1][O][P][Branch1_1][Branch1_2][C][C][NH2expl][Ring1][Branch1_3][Branch1_1][Branch2_2][C][=C][C][=C][C][=C][Ring1][Branch1_2][C][=C][C][=C][C][=C][Ring1][Branch1_2][P][Branch1_1][Branch1_3][C][C][NH2expl][Ring2][Ring1][Branch1_3][Branch1_1][Branch2_2][C][=C][C][=C][C][=C][Ring1][Branch1_2][C][=C][C][=C][C][=C][Ring1][Branch1_2],
C014,[C][C][S@@expl][Branch1_1][Ring1][C][C][Ruexpl][Branch1_1][C][Cl][Branch1_1][C][Cl][Branch1_1][O][N@@Hexpl][Ring1][Branch2_2][C][C][S@@expl][Ring1][Branch1_3][C][C][P][Branch1_1][Branch2_2][C][=C][C][=C][C][=C][Ring1][Branch1_2][Branch1_1][Branch2_2][C][=C][C][=C][C][=C][Ring1][Branch1_2][C][=C][C][=C][C][=C][Ring1][Branch1_2],
C015,[C][C][S@@expl][Branch1_1][Ring1][C][C][RuHexpl][Branch1_1][C][Cl][Branch1_1][O][N@@Hexpl][Ring1][Branch2_1][C][C][S@@expl][Ring1][Branch1_2][C][C][P][Branch1_1][Branch2_2][C][=C][C][=C][C][=C][Ring1][Branch1_2][Branch1_1][Branch2_2][C][=C][C][=C][C][=C][Ring1][Branch1_2][C][=C][C][=C][C][=C][Ring1][Branch1_2],
C016,[C][C][S@@expl][Branch1_1][Ring1][C][C][Ruexpl][Branch1_1][C][Cl][Branch1_1][C][Cl][N@@Hexpl][Ring1][Branch2_2][C][C][S@@expl][Ring1][Branch1_3][C][C].[C][Branch1_2][Branch2_1][=C][C][=C][C][=C][Ring1][Branch1_2][Asexpl][Branch1_1][Branch2_2][C][=C][C][=C][C][=C][Ring1][Branch1_2][C][=C][C][=C][C][=C][Ring1][Branch1_2],
C017,[C][C][S@expl][Branch1_1][Ring1][C][C][RuHexpl][Branch1_1][C][Cl][Branch1_1][O][N@@Hexpl][Ring1][Branch2_1][C][C][S@expl][Ring1][Branch1_2][C][C][Cexpl][Oexpl],
C018,[RuHexpl][Branch2_1][Ring1][=C][P][Branch1_1][Branch2_2][C][=C][C][=C][C][=C][Ring1][Branch1_2][Branch1_1][Branch2_2][C][=C][C][=C][C][=C][Ring1][Branch1_2][C][=C][C][=C][C][=C][Ring1][Branch1_2][Branch2_1][Ring1][=C][P][Branch1_1][Branch2_2][C][=C][C][=C][C][=C][Ring1][Branch1_2][Branch1_1][Branch2_2][C][=C][C][=C][C][=C][Ring1][Branch1_2][C][=C][C][=C][C][=C][Ring1][Branch1_2][Branch1_1][C][Cl][Branch1_1][Ring1][Cexpl][Oexpl][P][Branch1_1][Branch2_2][C][=C][C][=C][C][=C][Ring1][Branch1_2][Branch1_1][Branch2_2][C][=C][C][=C][C][=C][Ring1][Branch1_2][C][=C][C][=C][C][=C][Ring1][Branch1_2],
C019,[C][=C][N][RuHexpl][Branch2_1][Ring1][C][N][C][Branch1_2][Branch1_3][=C][C][C][=C][Ring1][Branch1_2][C][Ring1][Branch2_2][=C][C][Ring1][=N][Branch2_1][Ring1][N][C@@Hexpl][N][Branch1_1][Ring2][C][Ring1][#C][C][=C][N][Ring1][Branch1_2][C][=C][Branch1_1][O][C][=C][Branch1_1][Branch1_2][C][=C][Ring1][Branch1_2][C][C][C][Branch2_1][Ring1][=C][P][Branch1_1][Branch2_2][C][=C][C][=C][C][=C][Ring1][Branch1_2][Branch1_1][Branch2_2][C][=C][C][=C][C][=C][Ring1][Branch1_2][C][=C][C][=C][C][=C][Ring1][Branch1_2][Cexpl][Oexpl].[Clexpl],
C020_bis,[Ruexpl][Branch1_1][C][Cl][Branch1_1][C][Cl][Branch2_1][Branch1_1][Ring1][P][Branch2_1][Ring1][=N][C][C][N@@Hexpl][Ring1][Branch1_3][C][C][P][Ring1][Branch2_3][Branch1_1][Branch2_2][C][=C][C][=C][C][=C][Ring1][Branch1_2][C][=C][C][=C][C][=C][Ring1][Branch1_2][Branch1_1][Branch2_2][C][=C][C][=C][C][=C][Ring1][Branch1_2][C][=C][C][=C][C][=C][Ring1][Branch1_2][C@Hexpl][N][Branch1_1][O][C][=C][N][Ring1][Branch1_1][C][Branch1_1][C][C][C][C][Branch1_1][C][C][C],
C020_new,[Ru@expl][Branch1_1][C][Cl][P][Branch2_1][Ring1][=N][C][C][N@@Hexpl][Ring1][Branch1_2][C][C][P][Ring1][Branch2_2][Branch1_1][Branch2_2][C][=C][C][=C][C][=C][Ring1][Branch1_2][C][=C][C][=C][C][=C][Ring1][Branch1_2][Branch1_1][Branch2_2][C][=C][C][=C][C][=C][Ring1][Branch1_2][C][=C][C][=C][C][=C][Ring1][Branch1_2].[Cl][Ru@@expl][P][Branch2_1][Ring1][=N][C][C][N@@Hexpl][Ring1][Branch1_1][C][C][P][Ring1][Branch2_1][Branch1_1][Branch2_2][C][=C][C][=C][C][=C][Ring1][Branch1_2][C][=C][C][=C][C][=C][Ring1][Branch1_2][Branch1_1][Branch2_2][C][=C][C][=C][C][=C][Ring1][Branch1_2][C][=C][C][=C][C][=C][Ring1][Branch1_2],
C020,[Ruexpl][Branch1_1][C][Cl][Branch1_1][C][Cl][Branch2_1][Branch1_1][Ring1][P][Branch2_1][Ring1][=N][C][C][N@@Hexpl][Ring1][Branch1_3][C][C][P][Ring1][Branch2_3][Branch1_1][Branch2_2][C][=C][C][=C][C][=C][Ring1][Branch1_2][C][=C][C][=C][C][=C][Ring1][Branch1_2][Branch1_1][Branch2_2][C][=C][C][=C][C][=C][Ring1][Branch1_2][C][=C][C][=C][C][=C][Ring1][Branch1_2][C@Hexpl][N][Branch1_1][O][C][=C][N][Ring1][Branch1_1][C][Branch1_1][C][C][C][C][Branch1_1][C][C][C],
C021,[Ruexpl][Branch1_1][C][Cl][Branch1_1][C][Cl][Branch2_1][Branch1_1][Ring1][P][Branch2_1][Ring1][=N][C][C][N@@Hexpl][Ring1][Branch1_3][C][C][P][Ring1][Branch2_3][Branch1_1][Branch2_2][C][=C][C][=C][C][=C][Ring1][Branch1_2][C][=C][C][=C][C][=C][Ring1][Branch1_2][Branch1_1][Branch2_2][C][=C][C][=C][C][=C][Ring1][Branch1_2][C][=C][C][=C][C][=C][Ring1][Branch1_2][C@Hexpl][N][Branch1_1][Branch1_3][C][=C][N][Ring1][Branch1_1][C][C],
C022,[C][C][=C][C][=C][O][C][C][Branch2_1][Ring2][Branch2_2][N][Ring1][Branch1_1][RuHexpl][Branch2_1][Ring1][=N][N][Ring1][Branch2_1][C][Expl=Ring1][N][N][P][Ring1][Branch1_1][Branch1_1][Branch2_2][C][Branch1_1][C][C][Branch1_1][C][C][C][C][Branch1_1][C][C][Branch1_1][C][C][C][Branch1_1][Ring1][Cexpl][Oexpl][Cl][Branch1_1][C][C][C],
C023,[C][=C][N][RuHexpl][Branch2_1][Ring1][C][Nexpl][Branch1_1][Branch2_2][C][C][Ring1][Branch1_1][=C][C][Ring1][Branch2_2][Branch1_1][Ring1][C][C][C][C][Branch2_1][Ring1][Branch2_2][P][Branch1_1][Ring2][N][Ring1][=C][Branch1_1][Branch2_2][C][Branch1_1][C][C][Branch1_1][C][C][C][C][Branch1_1][C][C][Branch1_1][C][C][C][Branch1_1][Ring1][Cexpl][Oexpl][Cl],
C024,[C][C][=C][C][=C][O][C][C][N][Ring1][Branch1_1][RuHexpl][Branch2_1][Ring1][=N][N][Ring1][Branch2_1][C][Expl=Ring1][N][N][P][Ring1][Branch1_1][Branch1_1][Branch2_2][C][Branch1_1][C][C][Branch1_1][C][C][C][C][Branch1_1][C][C][Branch1_1][C][C][C][Branch1_1][Ring1][Cexpl][Oexpl][Cl],
C025,[C][=C][N][RuHexpl][Branch2_1][Ring1][C][N][C][Branch1_2][Branch1_3][=C][C][C][=C][Ring1][Branch1_2][C][Ring1][Branch2_2][=C][C][Ring1][=N][Branch2_1][Ring1][Branch2_2][P][Branch1_1][Ring2][N][Ring1][=C][Branch1_1][Branch2_2][C][Branch1_1][C][C][Branch1_1][C][C][C][C][Branch1_1][C][C][Branch1_1][C][C][C][Branch1_1][Ring1][Cexpl][Oexpl][Cl],
C026,[Ruexpl][Branch1_1][C][Cl][Branch1_1][C][Cl][Branch2_1][Branch1_1][Ring1][P][Branch2_1][Ring1][=N][C][C][N@@Hexpl][Ring1][Branch1_3][C][C][P][Ring1][Branch2_3][Branch1_1][Branch2_2][C][=C][C][=C][C][=C][Ring1][Branch1_2][C][=C][C][=C][C][=C][Ring1][Branch1_2][Branch1_1][Branch2_2][C][=C][C][=C][C][=C][Ring1][Branch1_2][C][=C][C][=C][C][=C][Ring1][Branch1_2][C@Hexpl][N][Branch1_1][=C][C][=C][N][Ring1][Branch1_1][C][C][C][C][C][C][Ring1][Branch1_2][C][C][C][C][C][C][Ring1][Branch1_2],
C027_bis,[Ruexpl][Branch1_1][C][Cl][Branch1_1][C][Cl][Branch2_1][Branch1_1][Ring1][P][Branch2_1][Ring1][=N][C][C][N@@Hexpl][Ring1][Branch1_3][C][C][P][Ring1][Branch2_3][Branch1_1][Branch2_2][C][=C][C][=C][C][=C][Ring1][Branch1_2][C][=C][C][=C][C][=C][Ring1][Branch1_2][Branch1_1][Branch2_2][C][=C][C][=C][C][=C][Ring1][Branch1_2][C][=C][C][=C][C][=C][Ring1][Branch1_2][C@@Hexpl][N][Branch1_1][=C][C][=C][N][Ring1][Branch1_1][C][Branch1_1][C][C][Branch1_1][C][C][C][C][Branch1_1][C][C][Branch1_1][C][C][C],
C027,[Ruexpl][Branch1_1][C][Cl][Branch1_1][C][Cl][Branch2_1][Branch1_1][Ring1][P][Branch2_1][Ring1][=N][C][C][N@@Hexpl][Ring1][Branch1_3][C][C][P][Ring1][Branch2_3][Branch1_1][Branch2_2][C][=C][C][=C][C][=C][Ring1][Branch1_2][C][=C][C][=C][C][=C][Ring1][Branch1_2][Branch1_1][Branch2_2][C][=C][C][=C][C][=C][Ring1][Branch1_2][C][=C][C][=C][C][=C][Ring1][Branch1_2][Cexpl][N][Branch1_1][=C][C][=C][N][Ring1][Branch1_1][C][Branch1_1][C][C][Branch1_1][C][C][C][C][Branch1_1][C][C][Branch1_1][C][C][C],
C028,[Ruexpl][Branch1_1][C][Cl][Branch1_1][C][Cl][Branch2_1][Branch1_1][Ring1][P][Branch2_1][Ring1][=N][C][C][N@@Hexpl][Ring1][Branch1_3][C][C][P][Ring1][Branch2_3][Branch1_1][Branch2_2][C][=C][C][=C][C][=C][Ring1][Branch1_2][C][=C][C][=C][C][=C][Ring1][Branch1_2][Branch1_1][Branch2_2][C][=C][C][=C][C][=C][Ring1][Branch1_2][C][=C][C][=C][C][=C][Ring1][Branch1_2][C@Hexpl][N][Branch2_1][Ring1][Branch1_1][C][=C][N][Ring1][Branch1_1][C][=C][Branch1_1][O][C][=C][Branch1_1][Branch1_2][C][=C][Ring1][Branch1_2][C][C][C][C][=C][Branch1_1][O][C][=C][Branch1_1][Branch1_2][C][=C][Ring1][Branch1_2][C][C][C],
C029_bis,[Ruexpl][Branch1_1][C][Cl][Branch1_1][C][Cl][Branch2_1][Branch1_1][Ring1][P][Branch2_1][Ring1][=N][C][C][NHexpl][Ring1][Branch1_3][C][C][P][Ring1][Branch2_3][Branch1_1][Branch2_2][C][=C][C][=C][C][=C][Ring1][Branch1_2][C][=C][C][=C][C][=C][Ring1][Branch1_2][Branch1_1][Branch2_2][C][=C][C][=C][C][=C][Ring1][Branch1_2][C][=C][C][=C][C][=C][Ring1][Branch1_2][Cexpl][N][Branch1_1][O][C][C][N][Ring1][Branch1_1][C][Branch1_1][C][C][C][C][Branch1_1][C][C][C],
C029,[Ruexpl][Branch1_1][C][Cl][Branch1_1][C][Cl][Branch2_1][Branch1_1][Ring1][P][Branch2_1][Ring1][=N][C][C][NHexpl][Ring1][Branch1_3][C][C][P][Ring1][Branch2_3][Branch1_1][Branch2_2][C][=C][C][=C][C][=C][Ring1][Branch1_2][C][=C][C][=C][C][=C][Ring1][Branch1_2][Branch1_1][Branch2_2][C][=C][C][=C][C][=C][Ring1][Branch1_2][C][=C][C][=C][C][=C][Ring1][Branch1_2][Cexpl][N][Branch1_1][O][C][C][N][Ring1][Branch1_1][C][Branch1_1][C][C][C][C][Branch1_1][C][C][C],
C030,[Ruexpl][Branch1_1][C][Cl][Branch1_1][C][Cl][Branch2_1][Branch1_1][Ring1][P][Branch2_1][Ring1][=N][C][C][N@@Hexpl][Ring1][Branch1_3][C][C][P][Ring1][Branch2_3][Branch1_1][Branch2_2][C][=C][C][=C][C][=C][Ring1][Branch1_2][C][=C][C][=C][C][=C][Ring1][Branch1_2][Branch1_1][Branch2_2][C][=C][C][=C][C][=C][Ring1][Branch1_2][C][=C][C][=C][C][=C][Ring1][Branch1_2][C@@Hexpl][N][Branch1_1][=N][C][Branch1_2][Branch2_2][=C][Branch1_1][Branch1_1][N][Ring1][Branch1_1][C][C][C][C],
C031,[Ruexpl][Branch1_1][C][Cl][Branch1_1][C][Cl][Branch2_1][Branch1_1][Ring1][P][Branch2_1][Ring1][=N][C][C][NHexpl][Ring1][Branch1_3][C][C][P][Ring1][Branch2_3][Branch1_1][Branch2_2][C][=C][C][=C][C][=C][Ring1][Branch1_2][C][=C][C][=C][C][=C][Ring1][Branch1_2][Branch1_1][Branch2_2][C][=C][C][=C][C][=C][Ring1][Branch1_2][C][=C][C][=C][C][=C][Ring1][Branch1_2][C][N][Branch1_1][#C][C][=C][Branch1_1][Branch1_1][N][Ring1][Branch1_1][C][C][=C][C][=C][Ring1][Branch2_1][C],
C032,[C][=C][N][RuHexpl][Branch2_1][Ring1][S][C][=C][Branch1_1][P][N][Branch1_1][=N][Nexpl][N][Ring1][Branch1_1][C][C][Ring1][Branch2_2][=C][C][Ring1][=N][C][C][=C][C][=C][Branch1_1][Branch1_1][C][=C][Ring1][Branch1_2][C][Branch2_1][Ring1][N][C][=C][Branch1_1][=N][N][Branch1_1][Branch2_2][Nexpl][N][Ring1][Branch1_1][C][Ring2][Ring1][Branch2_3][C][C][=C][C][=C][Branch1_1][Branch1_1][C][=C][Ring1][Branch1_2][C][Branch2_1][Ring1][=C][P][Branch1_1][Branch2_2][C][=C][C][=C][C][=C][Ring1][Branch1_2][Branch1_1][Branch2_2][C][=C][C][=C][C][=C][Ring1][Branch1_2][C][=C][C][=C][C][=C][Ring1][Branch1_2][Cexpl][Oexpl].[F][Bexpl][Branch1_1][C][F][Branch1_1][C][F][F],
C033,[C][=C][N][RuHexpl][Branch2_1][Ring1][S][C][=C][Branch1_1][P][N][Branch1_1][=N][Nexpl][N][Ring1][Branch1_1][C][C][Ring1][Branch2_2][=C][C][Ring1][=N][C][C][=C][C][=C][Branch1_1][Branch1_1][C][=C][Ring1][Branch1_2][C][Branch2_1][Ring1][O][N][N][Branch1_1][Branch1_1][C][Ring2][Ring1][Branch1_3][C][=C][Branch1_1][Ring2][Nexpl][Ring1][Branch1_2][C][=C][C][=C][Branch1_1][Branch1_1][C][=C][Ring1][Branch1_2][C][Branch2_1][Ring1][=C][P][Branch1_1][Branch2_2][C][=C][C][=C][C][=C][Ring1][Branch1_2][Branch1_1][Branch2_2][C][=C][C][=C][C][=C][Ring1][Branch1_2][C][=C][C][=C][C][=C][Ring1][Branch1_2][Cexpl][Oexpl].[F][Bexpl][Branch1_1][C][F][Branch1_1][C][F][F],
C034,[Ruexpl][Branch1_1][C][Cl][Branch1_1][C][Cl][Branch2_1][Branch2_3][Branch1_1][P][Branch2_1][Branch1_2][Branch1_2][C][C][N@@Hexpl][Ring1][Branch1_3][C][C][P][Ring1][Branch2_3][Branch2_1][Ring1][=N][C][=C][C][Branch1_2][S][=C][C][Branch1_2][Ring2][=C][Ring1][Branch1_2][C][Branch1_1][C][F][Branch1_1][C][F][F][C][Branch1_1][C][F][Branch1_1][C][F][F][C][=C][C][Branch1_2][S][=C][C][Branch1_2][Ring2][=C][Ring1][Branch1_2][C][Branch1_1][C][F][Branch1_1][C][F][F][C][Branch1_1][C][F][Branch1_1][C][F][F][Branch2_1][Ring1][=N][C][=C][C][Branch1_2][S][=C][C][Branch1_2][Ring2][=C][Ring1][Branch1_2][C][Branch1_1][C][F][Branch1_1][C][F][F][C][Branch1_1][C][F][Branch1_1][C][F][F][C][=C][C][Branch1_2][S][=C][C][Branch1_2][Ring2][=C][Ring1][Branch1_2][C][Branch1_1][C][F][Branch1_1][C][F][F][C][Branch1_1][C][F][Branch1_1][C][F][F][C@Hexpl][N][Branch1_1][Branch1_3][C][=C][N][Ring1][Branch1_1][C][C],
C035,[Ruexpl][Branch2_1][Ring1][Branch1_1][S@expl][Branch1_1][P][C][C][N@Hexpl][Ring1][Branch1_1][C][C][=C][C][C][=C][N][Ring1][N][Ring1][Branch1_2][C][Branch1_1][C][Cl][Branch1_1][C][Cl][P][Branch1_1][Branch2_2][C][=C][C][=C][C][=C][Ring1][Branch1_2][Branch1_1][Branch2_2][C][=C][C][=C][C][=C][Ring1][Branch1_2][C][=C][C][=C][C][=C][Ring1][Branch1_2],
C036,[RuHexpl][Branch2_1][Ring2][=C][P][Branch2_1][Ring1][Branch2_1][C][C][=C][C][C][=C][Branch1_1][Branch1_2][N][Ring1][Branch2_2][Ring1][Branch1_2][C][=C][C][C][=C][N][Ring1][#C][Ring1][Branch1_2][Branch1_1][Branch2_2][C][Branch1_1][C][C][Branch1_1][C][C][C][C][Branch1_1][C][C][Branch1_1][C][C][C][Branch1_1][C][Cl][Cexpl][Oexpl],
C037,[Ruexpl][Branch1_1][C][Cl][Branch1_1][C][Cl][Branch2_1][Branch1_1][=C][P][Branch1_1][Branch2_2][C][=C][C][=C][C][=C][Ring1][Branch1_2][Branch1_1][Branch2_2][C][=C][C][=C][C][=C][Ring1][Branch1_2][C][=C][Branch1_1][Branch1_3][C][=C][C][=C][Ring1][Branch1_2][C][=C][C][=C][C][=C][Ring1][Branch1_2][P][Ring2][Ring1][=N][Branch1_1][Branch2_2][C][=C][C][=C][C][=C][Ring1][Branch1_2][C][=C][C][=C][C][=C][Ring1][Branch1_2][NH2expl][C][C][NH2expl][Ring2][Ring2][=N],
C038,[Ruexpl][Branch1_1][C][Cl][Branch1_1][C][Cl][Branch2_1][Branch1_1][Branch2_1][P][Branch1_1][Branch2_2][C][=C][C][=C][C][=C][Ring1][Branch1_2][Branch1_1][Branch2_2][C][=C][C][=C][C][=C][Ring1][Branch1_2][C][=C][Branch2_1][Ring1][Branch1_3][P][Ring2][Ring1][Ring1][Branch1_1][Branch2_2][C][=C][C][=C][C][=C][Ring1][Branch1_2][C][=C][C][=C][C][=C][Ring1][Branch1_2][C][=C][C][=C][Ring2][Ring1][Ring1][NH2expl][C][C][NH2expl][Ring2][Ring2][Branch1_3],
C039,[Ruexpl][Branch1_1][C][Cl][Branch1_1][C][Cl][Branch2_1][Ring2][=C][P][Branch2_1][Ring1][Branch2_1][C][C][P][Ring1][Branch1_3][Branch1_1][Branch2_2][C][=C][C][=C][C][=C][Ring1][Branch1_2][C][=C][C][=C][C][=C][Ring1][Branch1_2][Branch1_1][Branch2_2][C][=C][C][=C][C][=C][Ring1][Branch1_2][C][=C][C][=C][C][=C][Ring1][Branch1_2][NH2expl][C][C][NH2expl][Ring2][Ring2][Ring1],
C040,[Ruexpl][Branch1_1][C][Cl][Branch1_1][C][Cl][Branch2_1][Ring2][#C][P][Branch1_1][Branch2_2][C][=C][C][=C][C][=C][Ring1][Branch1_2][Branch1_1][Branch2_2][C][=C][C][=C][C][=C][Ring1][Branch1_2][C][C][C][P][Ring2][Ring1][Ring2][Branch1_1][Branch2_2][C][=C][C][=C][C][=C][Ring1][Branch1_2][C][=C][C][=C][C][=C][Ring1][Branch1_2][NH2expl][C][C][NH2expl][Ring2][Ring2][Ring2],
C041,[Ruexpl][Branch1_1][C][Cl][Branch1_1][C][Cl][Branch2_1][Ring2][S][P][Branch1_1][Branch2_2][C][=C][C][=C][C][=C][Ring1][Branch1_2][Branch1_1][Branch2_2][C][=C][C][=C][C][=C][Ring1][Branch1_2][C][C][C][C][P][Ring2][Ring1][Branch1_1][Branch1_1][Branch2_2][C][=C][C][=C][C][=C][Ring1][Branch1_2][C][=C][C][=C][C][=C][Ring1][Branch1_2][NH2expl][C][C][NH2expl][Ring2][Ring2][Branch1_1],
C042,[Ruexpl][Branch1_1][C][Cl][Branch1_1][C][Cl][Branch2_1][Ring2][#C][P][Branch1_1][Branch2_2][C][=C][C][=C][C][=C][Ring1][Branch1_2][Branch1_1][Branch2_2][C][=C][C][=C][C][=C][Ring1][Branch1_2][C][C][C][P][Ring2][Ring1][Ring2][Branch1_1][Branch2_2][C][=C][C][=C][C][=C][Ring1][Branch1_2][C][=C][C][=C][C][=C][Ring1][Branch1_2][NH2expl][C][C][C][NH2expl][Ring2][Ring2][Branch1_1],
C043,[Ruexpl][Branch1_1][C][Cl][Branch1_1][C][Cl][Branch2_1][Ring2][#C][P][Branch1_1][Branch2_2][C][=C][C][=C][C][=C][Ring1][Branch1_2][Branch1_1][Branch2_2][C][=C][C][=C][C][=C][Ring1][Branch1_2][C][C][C][P][Ring2][Ring1][Ring2][Branch1_1][Branch2_2][C][=C][C][=C][C][=C][Ring1][Branch1_2][C][=C][C][=C][C][=C][Ring1][Branch1_2][NH2expl][C][=C][Branch1_1][Branch1_1][NH2expl][Ring2][Ring2][Ring2][C][=C][C][=C][Ring1][Branch1_3],
C044,[Ruexpl][Branch1_1][C][Cl][Branch1_1][C][Cl][Branch2_1][Ring2][#C][P][Branch1_1][Branch2_2][C][=C][C][=C][C][=C][Ring1][Branch1_2][Branch1_1][Branch2_2][C][=C][C][=C][C][=C][Ring1][Branch1_2][C][C][C][P][Ring2][Ring1][Ring2][Branch1_1][Branch2_2][C][=C][C][=C][C][=C][Ring1][Branch1_2][C][=C][C][=C][C][=C][Ring1][Branch1_2][NH2expl][C@@Hexpl][Branch1_1][S][C@Hexpl][Branch1_1][Branch1_1][NH2expl][Ring2][Ring2][Ring2][C][=C][C][=C][C][=C][Ring1][Branch1_2][C][=C][C][=C][C][=C][Ring1][Branch1_2],
C045,[Ruexpl][Branch1_1][C][Cl][Branch1_1][C][Cl][Branch2_1][Ring2][#C][P][Branch1_1][Branch2_2][C][=C][C][=C][C][=C][Ring1][Branch1_2][Branch1_1][Branch2_2][C][=C][C][=C][C][=C][Ring1][Branch1_2][C][C][C][P][Ring2][Ring1][Ring2][Branch1_1][Branch2_2][C][=C][C][=C][C][=C][Ring1][Branch1_2][C][=C][C][=C][C][=C][Ring1][Branch1_2][NH2expl][C@Hexpl][C@Hexpl][Branch1_1][Branch1_1][NH2expl][Ring2][Ring2][Ring2][C][C][C][C][Ring1][Branch1_3],
C046,[RuHexpl][Branch2_1][Ring2][#C][P][Branch1_1][Branch2_2][C][=C][C][=C][C][=C][Ring1][Branch1_2][Branch1_1][Branch2_2][C][=C][C][=C][C][=C][Ring1][Branch1_2][C][C][C][P][Ring2][Ring1][C][Branch1_1][Branch2_2][C][=C][C][=C][C][=C][Ring1][Branch1_2][C][=C][C][=C][C][=C][Ring1][Branch1_2][NH2expl][C@@Hexpl][Branch1_1][S][C@Hexpl][Branch1_1][Branch1_1][NH2expl][Ring2][Ring2][C][C][=C][C][=C][C][=C][Ring1][Branch1_2][C][=C][C][=C][C][=C][Ring1][Branch1_2].[BH4expl],
C047,[RuHexpl][Branch2_1][Ring2][#C][P][Branch1_1][Branch2_2][C][=C][C][=C][C][=C][Ring1][Branch1_2][Branch1_1][Branch2_2][C][=C][C][=C][C][=C][Ring1][Branch1_2][C][C][C][P][Ring2][Ring1][C][Branch1_1][Branch2_2][C][=C][C][=C][C][=C][Ring1][Branch1_2][C][=C][C][=C][C][=C][Ring1][Branch1_2][NH2expl][C@@Hexpl][Branch1_1][S][C@Hexpl][Branch1_1][Branch1_1][NH2expl][Ring2][Ring2][C][C][=C][C][=C][C][=C][Ring1][Branch1_2][C][=C][C][=C][C][=C][Ring1][Branch1_2].[BH4expl],
C048,[RuH2expl][Branch2_1][Branch1_2][S][P][Branch1_1][Branch2_2][C][=C][C][=C][C][=C][Ring1][Branch1_2][Branch1_1][Branch2_2][C][=C][C][=C][C][=C][Ring1][Branch1_2][C][=C][Branch1_1][#C][C][=C][C][Branch1_2][Ring2][=C][Ring1][Branch1_2][C][=C][C][=C][Ring1][Branch1_3][C][=C][C][=C][Branch2_1][Ring1][O][C][=C][Ring1][Branch1_2][P][Ring2][Ring1][#C][Branch1_1][Branch2_2][C][=C][C][=C][C][=C][Ring1][Branch1_2][C][=C][C][=C][C][=C][Ring1][Branch1_2][C][=C][C][=C][Ring2][Ring1][Branch1_1][NH2expl][C@@Hexpl][Branch1_1][S][C@Hexpl][Branch1_1][Branch1_1][NH2expl][Ring2][Branch1_1][Ring1][C][=C][C][=C][C][=C][Ring1][Branch1_2][C][=C][C][=C][C][=C][Ring1][Branch1_2],
C049,[RuHexpl][Branch1_1][C][Cl][Branch2_1][Branch1_1][N][Nexpl][Branch1_1][Ring1][C][C][Branch1_1][Ring1][C][C][C][C][=C][C][C][=C][Branch1_1][Branch1_2][N][Ring1][=C][Ring1][Branch1_2][C][N][C][=C][Branch2_1][Ring1][Branch2_2][N][Branch1_1][Branch1_3][C@@Hexpl][Ring2][Ring1][Ring2][Ring1][Branch1_1][C][=C][Branch1_1][O][C][=C][Branch1_1][Branch1_2][C][=C][Ring1][Branch1_2][C][C][C][C][=C][C][=C][Ring1][P][Cexpl][Oexpl],
C050,[Ruexpl][Branch1_1][C][Cl][Branch1_1][C][Cl][Branch2_1][Ring1][O][NH2expl][C@@Hexpl][Branch1_1][#C][C@Hexpl][Branch1_1][Ring2][NH2expl][Ring1][Branch1_3][C][=C][C][=C][C][=C][Ring1][Branch1_2][C][=C][C][=C][C][=C][Ring1][Branch1_2][P][Branch2_1][Ring1][Branch2_2][C][C][P][Ring2][Ring1][Branch1_3][Branch1_1][Branch2_2][C][=C][C][=C][C][=C][Ring1][Branch1_2][C][=C][C][=C][C][=C][Ring1][Branch1_2][Branch1_1][Branch2_2][C][=C][C][=C][C][=C][Ring1][Branch1_2][C][=C][C][=C][C][=C][Ring1][Branch1_2],
C051,[Ruexpl][Branch1_1][C][Cl][Branch1_1][C][Cl][Branch2_1][Ring1][O][NH2expl][C@@Hexpl][Branch1_1][#C][C@Hexpl][Branch1_1][Ring2][NH2expl][Ring1][Branch1_3][C][=C][C][=C][C][=C][Ring1][Branch1_2][C][=C][C][=C][C][=C][Ring1][Branch1_2][P][Branch1_1][Branch2_2][C][=C][C][=C][C][=C][Ring1][Branch1_2][Branch1_1][Branch2_2][C][=C][C][=C][C][=C][Ring1][Branch1_2][C][C][C][C][P][Ring2][Ring2][Branch1_1][Branch1_1][Branch2_2][C][=C][C][=C][C][=C][Ring1][Branch1_2][C][=C][C][=C][C][=C][Ring1][Branch1_2],
C052,[Ruexpl][Branch1_1][C][Cl][Branch1_1][C][Cl][Branch2_1][Ring1][O][NH2expl][C@@Hexpl][Branch1_1][#C][C@Hexpl][Branch1_1][Ring2][NH2expl][Ring1][Branch1_3][C][=C][C][=C][C][=C][Ring1][Branch1_2][C][=C][C][=C][C][=C][Ring1][Branch1_2][P][Branch1_1][Branch2_2][C][C][C][C][C][C][Ring1][Branch1_2][Branch2_1][Ring1][O][C][C][C][C][P][Ring2][Ring1][#C][Branch1_1][Branch2_2][C][C][C][C][C][C][Ring1][Branch1_2][C][C][C][C][C][C][Ring1][Branch1_2][C][C][C][C][C][C][Ring1][Branch1_2],
C053,[Ruexpl][Branch1_1][C][Cl][Branch1_1][C][Cl][Branch2_1][Ring1][O][NH2expl][C@@Hexpl][Branch1_1][#C][C@Hexpl][Branch1_1][Ring2][NH2expl][Ring1][Branch1_3][C][=C][C][=C][C][=C][Ring1][Branch1_2][C][=C][C][=C][C][=C][Ring1][Branch1_2][P][Branch1_1][Branch1_2][C][Branch1_1][C][C][C][Branch1_1][Branch1_2][C][Branch1_1][C][C][C][C@expl][Branch2_1][Ring1][O][Feexpl][C@expl][Branch1_1][P][P][Ring2][Ring1][=C][Branch1_1][Branch1_2][C][Branch1_1][C][C][C][C][Branch1_1][C][C][C][C][=C][C][=C][Ring1][N][C][=C][C][=C][Ring2][Ring1][C],
C054,[Ruexpl][Branch1_1][C][Cl][Branch1_1][C][Cl][Branch2_1][Ring2][#C][P][Branch1_1][Branch2_2][C][=C][C][=C][C][=C][Ring1][Branch1_2][Branch1_1][Branch2_2][C][=C][C][=C][C][=C][Ring1][Branch1_2][C][C][C][P][Ring2][Ring1][Ring2][Branch1_1][Branch2_2][C][=C][C][=C][C][=C][Ring1][Branch1_2][C][=C][C][=C][C][=C][Ring1][Branch1_2][NH2expl][C@Hexpl][C@Hexpl][Branch1_1][C][O][C][C][=C][Ring1][Branch1_2][C][=C][C][=C][Ring1][Branch1_2],
C055,[Ruexpl][Branch1_1][C][Cl][Branch1_1][C][Cl][Branch2_1][Ring2][#C][P][Branch1_1][Branch2_2][C][=C][C][=C][C][=C][Ring1][Branch1_2][Branch1_1][Branch2_2][C][=C][C][=C][C][=C][Ring1][Branch1_2][C][C][C][P][Ring2][Ring1][Ring2][Branch1_1][Branch2_2][C][=C][C][=C][C][=C][Ring1][Branch1_2][C][=C][C][=C][C][=C][Ring1][Branch1_2][NH2expl][C][=C][Branch1_1][Branch1_2][S@expl][Ring2][Ring2][Ring2][C][C][=C][C][=C][Ring1][Branch2_1],
C056,[RuHexpl][Branch1_1][C][Cl][Branch2_1][Branch1_2][C][Nexpl][Branch1_1][Ring1][C][C][Branch1_1][Ring1][C][C][C][C][=C][C][C][=C][Branch1_1][Branch1_2][N][Ring1][=C][Ring1][Branch1_2][C][N][C][=C][Branch2_1][Ring1][=C][N][Branch1_1][Branch1_3][C@@Hexpl][Ring2][Ring1][Ring2][Ring1][Branch1_1][C][=C][Branch1_1][N][C][=C][C][=C][Ring1][Branch1_2][C][Branch1_1][C][C][C][C][Branch1_1][C][C][C][C][=C][C][=C][Ring2][Ring1][Ring2][Cexpl][Oexpl],
C057,[Ruexpl][Branch1_1][C][Cl][Branch1_1][C][Cl][Branch2_1][Ring2][#C][P][Branch1_1][Branch2_2][C][=C][C][=C][C][=C][Ring1][Branch1_2][Branch1_1][Branch2_2][C][=C][C][=C][C][=C][Ring1][Branch1_2][C][C][C][P][Ring2][Ring1][Ring2][Branch1_1][Branch2_2][C][=C][C][=C][C][=C][Ring1][Branch1_2][C][=C][C][=C][C][=C][Ring1][Branch1_2][NHexpl][Branch1_1][Branch2_1][C][C][NHexpl][Ring2][Ring2][Ring2][C][C],
C058_new,[Ruexpl][Branch1_1][C][Cl][Branch1_1][C][Cl][Branch2_1][Ring2][#C][P][Branch1_1][Branch2_2][C][=C][C][=C][C][=C][Ring1][Branch1_2][Branch1_1][Branch2_2][C][=C][C][=C][C][=C][Ring1][Branch1_2][C][C][C][P][Ring2][Ring1][Ring2][Branch1_1][Branch2_2][C][=C][C][=C][C][=C][Ring1][Branch1_2][C][=C][C][=C][C][=C][Ring1][Branch1_2][NH2expl][C][=C][C@Hexpl][Branch1_1][Branch2_2][C][=C][N][Ring2][Ring2][Branch1_3][Ring1][Branch1_2][C][N],
C058,[Ruexpl][Branch1_1][C][Cl][Branch1_1][C][Cl][Branch2_1][Ring2][#C][P][Branch1_1][Branch2_2][C][=C][C][=C][C][=C][Ring1][Branch1_2][Branch1_1][Branch2_2][C][=C][C][=C][C][=C][Ring1][Branch1_2][C][C][C][P][Ring2][Ring1][Ring2][Branch1_1][Branch2_2][C][=C][C][=C][C][=C][Ring1][Branch1_2][C][=C][C][=C][C][=C][Ring1][Branch1_2][NH2expl][C][=C][C@@Hexpl][Branch1_1][C][N][C][=C][N][Ring2][Ring2][Branch2_1][Ring1][Branch1_3],
C059,[Ruexpl][Branch1_1][C][Cl][Branch1_1][C][Cl][Branch2_1][Ring2][#C][P][Branch1_1][Branch2_2][C][=C][C][=C][C][=C][Ring1][Branch1_2][Branch1_1][Branch2_2][C][=C][C][=C][C][=C][Ring1][Branch1_2][C][C][C][P][Ring2][Ring1][Ring2][Branch1_1][Branch2_2][C][=C][C][=C][C][=C][Ring1][Branch1_2][C][=C][C][=C][C][=C][Ring1][Branch1_2][NH2expl][C][C][=C][C][C][=C][N][Ring2][Ring2][Branch2_1][Ring1][Branch1_2],
C060,[Ruexpl][Branch1_1][C][Cl][Branch1_1][C][Cl][Branch2_1][Ring2][S][P][Branch2_1][Ring1][Branch2_3][C][=C][C][=C][C][=C][Ring1][Branch1_2][C][N@Hexpl][Ring1][N][C@Hexpl][C@Hexpl][Branch1_1][Ring2][NH2expl][Ring1][#C][C][C][C][C][Ring1][Branch1_3][Branch1_1][Branch2_2][C][=C][C][=C][C][=C][Ring1][Branch1_2][C][=C][C][=C][C][=C][Ring1][Branch1_2][O][Sexpl][Branch1_1][C][C][C],
C061,[Ruexpl][Branch1_1][C][Cl][Branch1_1][C][Cl][Branch2_1][Ring1][=C][P][Branch1_1][Branch2_2][C][=C][C][=C][C][=C][Ring1][Branch1_2][Branch1_1][Branch2_2][C][=C][C][=C][C][=C][Ring1][Branch1_2][C][=C][C][=C][C][=C][Ring1][Branch1_2][Branch2_1][Ring1][=C][P][Branch1_1][Branch2_2][C][=C][C][=C][C][=C][Ring1][Branch1_2][Branch1_1][Branch2_2][C][=C][C][=C][C][=C][Ring1][Branch1_2][C][=C][C][=C][C][=C][Ring1][Branch1_2][P][Branch1_1][Branch2_2][C][=C][C][=C][C][=C][Ring1][Branch1_2][Branch1_1][Branch2_2][C][=C][C][=C][C][=C][Ring1][Branch1_2][C][=C][C][=C][C][=C][Ring1][Branch1_2],
C062,[RuHexpl][Branch2_1][Ring1][S][P][Branch1_1][P][C][C][N@Hexpl][Ring1][Branch1_1][C][C][=C][C][C][=C][N][Ring1][N][Ring1][Branch1_2][Branch1_1][Branch1_2][C][Branch1_1][C][C][C][C][Branch1_1][C][C][C][Branch1_1][C][Cl][Cexpl][Oexpl],
C063,[RuHexpl][Branch2_1][Branch1_2][=N][N@@expl][Branch2_1][Branch1_1][=N][C][C][P][Branch1_1][Branch1_2][C][Branch1_1][C][C][C][Branch1_1][Branch1_2][C][Branch1_1][C][C][C][RuHexpl][Ring1][O][Branch2_1][Ring2][Ring2][N@@expl][Ring1][=N][Branch2_1][Ring1][C][C][C][P][Ring1][S][Branch1_1][Branch1_2][C][Branch1_1][C][C][C][C][Branch1_1][C][C][C][C][C][=C][C][C][=C][N][Ring2][Ring1][C][Ring1][Branch1_2][Cexpl][Oexpl][C][C][=C][C][C][=C][N][Ring2][Ring2][Branch1_2][Ring1][Branch1_2][Cexpl][Oexpl],
C064,[Ruexpl][C@@Hexpl][C][=C][C@Hexpl][Ring1][Branch1_1][C][=C][Ring1][Branch1_2].[Clexpl].[Clexpl].[Ruexpl][C@Hexpl][CHexpl][C@@Hexpl][Ring1][Ring2][CHexpl][C@@Hexpl][Ring1][Branch1_2][CHexpl][Ring1][Branch1_2].[Clexpl].[Clexpl],
C065,[Ruexpl][Branch1_1][C][Cl][Branch1_1][C][Cl][Branch2_1][Ring2][#C][P][Branch1_1][Branch2_2][C][=C][C][=C][C][=C][Ring1][Branch1_2][Branch1_1][Branch2_2][C][=C][C][=C][C][=C][Ring1][Branch1_2][C][C][C][P][Ring2][Ring1][Ring2][Branch1_1][Branch2_2][C][=C][C][=C][C][=C][Ring1][Branch1_2][C][=C][C][=C][C][=C][Ring1][Branch1_2][NH2expl][C@@Hexpl][Branch2_1][Ring2][Ring1][C@Hexpl][Branch2_1][Ring1][Branch1_3][NHexpl][Ring2][Ring2][Ring2][S][Branch1_2][C][=O][Branch1_2][C][=O][C][=C][C][=C][Branch1_1][Branch1_1][C][=C][Ring1][Branch1_2][C][C][=C][C][=C][C][=C][Ring1][Branch1_2][C][=C][C][=C][C][=C][Ring1][Branch1_2],
C066,[Ruexpl][Branch1_1][C][Cl][Branch1_1][C][Cl][Branch2_1][Ring2][Branch2_1][P][Branch2_1][Ring1][C][C][=C][C][=C][C][=C][Ring1][Branch1_2][C][N@Hexpl][Ring1][N][C][C][NH2expl][Ring1][#C][Branch1_1][Branch2_2][C][=C][C][=C][C][=C][Ring1][Branch1_2][C][=C][C][=C][C][=C][Ring1][Branch1_2][S][Branch1_1][C][C][Branch1_1][C][Oexpl][C],
C067,[Ruexpl][Branch1_1][C][Cl][Branch1_1][C][Cl][Branch2_1][Branch1_1][Branch2_1][P][Branch2_1][Ring1][Branch2_3][C][=C][C][=C][C][=C][Ring1][Branch1_2][C][N@Hexpl][Ring1][N][C@Hexpl][C@Hexpl][Branch1_1][Ring2][NH2expl][Ring1][#C][C][C][C][C][Ring1][Branch1_3][Branch1_1][=N][C][=C][C][=C][Branch1_1][Branch1_1][C][=C][Ring1][Branch1_2][O][C][C][=C][C][=C][Branch1_1][Branch1_1][C][=C][Ring1][Branch1_2][O][C][S][Branch1_1][C][C][Branch1_1][C][Oexpl][C],
C068,[Ruexpl][Branch1_1][C][Cl][Branch1_1][C][Cl][Branch2_1][Ring2][=C][P][Branch2_1][Ring1][Branch2_1][C][=C][C][=C][C][=C][Ring1][Branch1_2][C][N@Hexpl][Ring1][N][C@Hexpl][C@Hexpl][Branch1_1][C][O][C][C][C][C][Ring1][Branch1_3][Branch1_1][Branch2_2][C][=C][C][=C][C][=C][Ring1][Branch1_2][C][=C][C][=C][C][=C][Ring1][Branch1_2][S][Branch1_1][C][C][Branch1_1][C][Oexpl][C],
C069,[Ruexpl][Branch1_1][C][Cl][Branch1_1][C][Cl][Branch2_1][Ring2][N][P][Branch2_1][Ring1][Branch1_2][C][=C][C][=C][C][=C][Ring1][Branch1_2][C][N@Hexpl][Ring1][N][C][C][Nexpl][Ring1][#C][Branch1_1][C][C][C][Branch1_1][Branch2_2][C][=C][C][=C][C][=C][Ring1][Branch1_2][C][=C][C][=C][C][=C][Ring1][Branch1_2][S][Branch1_1][C][C][Branch1_1][C][Oexpl][C],
C070,[Ruexpl][Branch1_1][C][Cl][Branch1_1][C][Cl][Branch2_1][Ring2][S][P][Branch2_1][Ring1][Branch2_3][C][=C][C][=C][C][=C][Ring1][Branch1_2][C][N@Hexpl][Ring1][N][C@Hexpl][C@Hexpl][Branch1_1][Ring2][NH2expl][Ring1][#C][C][C][C][C][Ring1][Branch1_3][Branch1_1][Branch2_2][C][=C][C][=C][C][=C][Ring1][Branch1_2][C][=C][C][=C][C][=C][Ring1][Branch1_2][S][Branch1_1][C][C][Branch1_1][C][Oexpl][C],
C071,[Ruexpl][Branch1_1][C][Cl][Branch1_1][C][Cl][Branch2_1][Branch1_3][Branch2_2][P][Branch2_1][Ring1][Branch2_3][C][=C][C][=C][C][=C][Ring1][Branch1_2][C][N@Hexpl][Ring1][N][C@Hexpl][C@Hexpl][Branch1_1][Ring2][NH2expl][Ring1][#C][C][C][C][C][Ring1][Branch1_3][Branch2_1][Ring1][=N][C][=C][C][Branch1_2][S][=C][C][Branch1_2][Ring2][=C][Ring1][Branch1_2][C][Branch1_1][C][C][Branch1_1][C][C][C][C][Branch1_1][C][C][Branch1_1][C][C][C][C][=C][C][Branch1_2][S][=C][C][Branch1_2][Ring2][=C][Ring1][Branch1_2][C][Branch1_1][C][C][Branch1_1][C][C][C][C][Branch1_1][C][C][Branch1_1][C][C][C][S][Branch1_1][C][C][Branch1_1][C][Oexpl][C],
C072,[RuHexpl][Branch1_1][C][Cl][Branch2_1][Branch1_1][S][Nexpl][Branch1_1][C][C][Branch1_1][C][C][C][C][=C][C][C][=C][Branch1_1][Branch1_2][N][Ring1][N][Ring1][Branch1_2][C][N][C][=C][Branch2_1][Ring1][=C][N][Branch1_1][Branch1_3][C@@Hexpl][Ring2][Ring1][C][Ring1][Branch1_1][C][=C][Branch1_1][N][C][=C][C][=C][Ring1][Branch1_2][C][Branch1_1][C][C][C][C][Branch1_1][C][C][C][C][=C][C][=C][Ring2][Ring1][Ring2][Cexpl][Oexpl],
C073,[Ruexpl][Branch1_1][C][Cl][Branch1_1][C][Cl][Branch2_1][Ring1][P][P][Branch1_1][N][C][=C][C][=C][C][=C][Ring1][Branch1_2][NH2expl][Ring1][O][Branch1_1][Branch2_2][C][=C][C][=C][C][=C][Ring1][Branch1_2][C][=C][C][=C][C][=C][Ring1][Branch1_2][P][Branch1_1][#C][C][=C][Branch1_1][Branch1_1][NH2expl][Ring2][Ring1][O][C][=C][C][=C][Ring1][Branch1_3][Branch1_1][Branch2_2][C][=C][C][=C][C][=C][Ring1][Branch1_2][C][=C][C][=C][C][=C][Ring1][Branch1_2],
C074,[Ruexpl][Branch1_1][=N][N][C][Branch1_2][Branch1_3][=C][C][C][=C][Ring1][Branch1_2][C][N][C@expl][Branch1_1][P][C][Branch1_2][=N][=C][Branch1_1][Branch2_2][C][Branch1_2][Branch1_1][=C][Ring1][Branch1_1][C][C][C][C][C].[Clexpl],
C075,[Ruexpl][C@@expl][Branch2_1][Ring1][Ring1][C][Branch1_2][#C][=C][Branch1_1][O][C@expl][Ring1][Branch1_1][Branch1_1][Branch1_1][Cexpl][Ring1][Branch1_1][C][C][C][C][C].[Clexpl].[N][C][C][P][Branch1_1][Branch2_2][C][=C][C][=C][C][=C][Ring1][Branch1_2][C][=C][C][=C][C][=C][Ring1][Branch1_2],
C076,[Ruexpl][C@@expl][Branch1_1][P][C][Branch1_2][=N][=C][Branch1_1][Branch2_2][C][Branch1_2][Branch1_1][=C][Ring1][Branch1_1][C][C][C][C][C].[Clexpl].[N][Branch2_1][Ring1][Branch1_2][C][C][P][Branch1_1][Branch2_2][C][=C][C][=C][C][=C][Ring1][Branch1_2][C][=C][C][=C][C][=C][Ring1][Branch1_2][C],
C077,[Ruexpl][C@@expl][Branch1_1][P][C][Branch1_2][=N][=C][Branch1_1][Branch2_2][C][Branch1_2][Branch1_1][=C][Ring1][Branch1_1][C][C][C][C][C].[Clexpl].[N][Branch2_1][Ring1][Branch1_2][C][C][P][Branch1_1][Branch2_2][C][=C][C][=C][C][=C][Ring1][Branch1_2][C][=C][C][=C][C][=C][Ring1][Branch1_2][Branch1_1][C][C][C],
C078,[Ruexpl][C@@expl][Branch1_1][P][Cexpl][Branch1_1][=N][C][Branch1_2][Branch2_2][=C][Branch1_1][Branch1_1][Cexpl][Ring1][Branch1_1][C][C][C][C][C].[Clexpl].[N][Branch1_1][Ring2][C][C][N][Branch1_1][C][C][C],
C079,[Ruexpl][C@@expl][Branch2_1][Ring1][Ring1][Cexpl][Branch1_1][#C][C@expl][Ring1][Ring2][Branch1_1][Branch2_2][C][Branch1_2][Branch1_1][=C][Ring1][Branch1_1][C][C][C][C][C].[Clexpl].[N][Branch1_1][Branch1_1][C][C][N][C][C],
C080,[Ruexpl][C@@expl][Branch1_1][P][Cexpl][Branch1_1][=N][C][Branch1_2][Branch2_2][=C][Branch1_1][Branch1_1][Cexpl][Ring1][Branch1_1][C][C][C][C][C].[Clexpl].[N][Branch1_1][Ring2][C][C][N][C],
C081,[Ruexpl][C@@expl][Branch1_1][P][Cexpl][Branch1_1][=N][C][Branch1_2][Branch2_2][=C][Branch1_1][Branch1_1][Cexpl][Ring1][Branch1_1][C][C][C][C][C].[Clexpl].[N][C][C][N],
C082,[Ruexpl][C@@expl][Branch1_1][P][Cexpl][Branch1_1][=N][C][Branch1_2][Branch2_2][=C][Branch1_1][Branch1_1][Cexpl][Ring1][Branch1_1][C][C][C][C][C].[Clexpl].[N][C@@Hexpl][Branch1_1][Ring1][C][N][C][C][C][C][Ring1][Branch2_1],
C083,[Ruexpl][C@expl][Branch1_1][P][Cexpl][Branch1_1][=N][C][Branch1_2][Branch2_2][=C][Branch1_1][Branch1_1][Cexpl][Ring1][Branch1_1][C][C][C][C][C].[Clexpl].[N][C@Hexpl][Branch1_1][=N][C@@Hexpl][Branch1_1][C][N][C][=C][C][=C][C][=C][Ring1][Branch1_2][C][=C][C][=C][C][=C][Ring1][Branch1_2],
C084,[Ruexpl][C@expl][Branch1_1][P][Cexpl][Branch1_1][=N][C][Branch1_2][Branch2_2][=C][Branch1_1][Branch1_1][Cexpl][Ring1][Branch1_1][C][C][C][C][C].[Clexpl].[N][Branch2_1][Ring1][Branch2_2][C@Hexpl][Branch1_1][=C][C@@Hexpl][Branch1_1][Ring1][N][C][C][=C][C][=C][C][=C][Ring1][Branch1_2][C][=C][C][=C][C][=C][Ring1][Branch1_2][C],
C085,[Ruexpl][C@@expl][Branch1_1][P][Cexpl][Branch1_1][=N][C][Branch1_2][Branch2_2][=C][Branch1_1][Branch1_1][Cexpl][Ring1][Branch1_1][C][C][C][C][C].[Clexpl].[N][C@@Hexpl][C@@Hexpl][Branch1_1][C][N][C][C][C][C][Ring1][Branch1_3],
C086,[C][C][N][Ruexpl][Branch2_1][Ring2][C][N][Ring1][Branch1_1][CHexpl][C][=C][C][=C][C][=C][Ring1][Branch1_2][P][Ring1][Branch2_3][Branch1_1][Branch2_2][C][=C][C][=C][C][=C][Ring1][Branch1_2][C][=C][C][=C][C][=C][Ring1][Branch1_2][Branch2_1][Ring2][Ring2][P][Branch1_1][#C][C][=C][Branch1_1][Branch1_1][CHexpl][Ring2][Ring1][O][C][=C][C][=C][Ring1][Branch1_3][Branch1_1][Branch2_2][C][=C][C][=C][C][=C][Ring1][Branch1_2][C][=C][C][=C][C][=C][Ring1][Branch1_2][Branch1_1][C][Cl][Cl],
C087,[Ruexpl][Branch2_1][Ring1][Branch1_1][C@expl][Branch1_1][P][C][Branch1_2][=N][=C][Branch1_1][Branch2_2][C][Branch1_2][Branch1_1][=C][Ring1][Branch1_1][C][C][C][C][C][C@@Hexpl][N][Branch1_1][Branch1_3][C][=C][N][Ring1][Branch1_1][C][C][=C][Branch1_1][Branch1_3][C][=C][C][=C][Ring1][Branch1_2][C][N].[N][=C][C][=C][C][=C][Ring1][Branch1_2].[P][Branch1_1][C][F][Branch1_1][C][F][Branch1_1][C][F][Branch1_1][C][F][Branch1_1][C][F][F],
E001,[C][Branch1_1][=C][C][Branch1_1][Branch1_3][C][Branch1_2][C][=O][O][C][Branch1_1][C][F][F][Branch1_1][C][F][Branch1_1][C][F][C][Branch1_1][C][F][Branch1_1][C][F][F],
E002,[C][Branch1_1][=C][C][Branch1_1][Branch1_3][C][Branch1_2][C][=O][O][C][Branch1_1][C][F][F][Branch1_1][C][F][Branch1_1][C][F][C][Branch1_1][C][F][Branch1_1][C][F][F],
E003,[C][Branch1_1][Branch2_1][C][C][Branch1_2][C][=O][O][C][C][C][C][C][C][C][C][C][C],
E004,[C][Branch1_2][C][=O][Branch1_1][Ring1][O][C][C][=C][C][=C][C][=C][Ring1][Branch1_2],
E005,[C][Branch1_1][Branch2_1][C][C][Branch1_2][C][=O][O][C][C][Branch1_2][C][=O][O][C],
E006,[C][Branch1_1][Branch1_3][C][Branch1_2][C][=O][O][C][O][C][C][=C][C][=C][C][=C][Ring1][Branch1_2],
E007,[C][Branch1_1][Branch1_3][C][Branch1_2][C][=O][O][C][O][C][N][C][C][C][C][C][Ring1][Branch1_2],
E008,[O][Branch1_1][Branch1_2][C][Branch1_2][C][=O][C][C][C][O][C],
E009,[O][Branch1_1][Branch1_2][C][Branch1_2][C][=O][C][C][C][N][Branch1_1][C][C][C],
E010,[C][Branch1_2][C][=O][Branch1_1][Branch1_3][O][C][Branch1_1][C][C][C][C][=C][C][=C][C][=C][Ring1][Branch1_2],
E011,[C][Branch1_2][C][=O][Branch1_1][Branch2_3][O][C][Branch1_1][C][C][Branch1_1][C][C][C][C][=C][C][=C][C][=C][Ring1][Branch1_2],
E012,[O][Branch1_1][Branch1_2][C][Branch1_2][C][=O][C][C@@Hexpl][Branch1_1][C][C][O],
E013,[O][Branch2_1][Ring1][Branch2_2][C][Branch1_2][C][=O][C][O][C@@Hexpl][C@Hexpl][Branch1_1][Branch2_3][C][C][C@@Hexpl][Branch1_1][Ring2][C][Ring1][Branch1_2][C][C][Branch1_1][C][C][C][C],
E014,[O][Branch1_1][Branch1_2][C][Branch1_2][C][=O][C][C][C],
E015,[O][Branch1_1][Branch2_3][C][Branch1_2][C][=O][C][C][C][C][C][C],
E016,[C][Branch1_2][C][=O][Branch1_1][Ring1][O][C][C][O][C],
E017,[C][Branch1_2][C][=O][Branch1_1][Ring1][O][C][C@Hexpl][Branch1_1][C][C][O],
E018,[C][Branch1_2][C][=O][Branch1_1][Ring2][O][C][C][C][=C][C][=C][C][=C][Ring1][Branch1_2],
E019,[C][Branch1_2][C][=O][Branch1_1][Branch2_1][O][C][C][C][C][C][C][C][C][C][C][C],
E020,[C][Branch1_2][C][=O][Branch1_1][O][O][C][C][=C][C][=C][C][=C][Ring1][Branch1_2][C][=C][C][=C][C][=C][Ring1][Branch1_2],
E021,[C][Branch1_2][C][=O][Branch1_1][Ring2][O][C][C][C][C][C],
E022,[C][Branch1_2][C][=O][Branch1_1][Branch2_3][O][C][Branch1_1][C][C][Branch1_1][C][C][C][C],
E023,[C][Branch1_2][C][=O][Branch1_1][Ring1][O][C][C][=C][C][=C][Branch1_1][Branch1_1][C][=C][Ring1][Branch1_2][C][Branch1_2][C][=O][O][C],
E024,[C][Branch1_2][C][=O][Branch1_1][Branch2_3][O][C][C][C][C][C][C][Ring1][Branch1_2][C][C][C][C][C],
E025,[C][C][C][O][C][Branch1_2][C][=O][C][C][Ring1][Branch2_1],
E026,[C][Branch1_2][C][=O][Branch1_1][Branch2_3][O][C][C][C][C][C][C][Ring1][Branch1_2][C],
E027,[C][Branch1_2][C][=O][Branch1_1][O][O][C][C][Branch1_1][C][F][Branch1_1][C][F][F][C][Branch1_1][C][F][Branch1_1][C][F][F],
E028,[C][Branch1_2][C][=O][Branch1_1][Ring2][O][C][C][C][C][C][=C][C][=C][C][=C][Ring1][Branch1_2],
E029,[C][Branch1_2][C][=O][Branch1_1][Ring2][O][C][C][C][C][=C][C][=C][C][=C][Ring1][Branch1_2],
E030,[C][Branch1_2][C][=O][Branch1_1][Ring1][O][C][C],
E031,[C][Branch1_2][C][=O][Branch1_1][O][O][C][C][=C][C][=C][C][=C][Ring1][Branch1_2][C],
E032,[C][Branch1_2][C][=O][Branch1_1][Ring2][O][C][C][C][C][C][Branch1_2][C][=O][O][C][C],
E033,[C][Branch1_2][C][=O][Branch1_1][Branch1_2][O][C][C][C][C][C][=C][C][=C][C][=C][Ring1][Branch1_2],
E034,[C][Branch1_2][C][=O][Branch1_1][Ring1][O][C][C][=C][Branch1_1][Branch1_3][C][=C][C][=C][Ring1][Branch1_2][F],
E035,[C][Branch1_2][C][=O][Branch1_1][Ring1][O][C][C][=C][Branch1_1][Branch1_3][C][=C][C][=C][Ring1][Branch1_2][C][Branch1_1][C][F][Branch1_1][C][F][F],
E036,[C][Branch1_2][C][=O][Branch1_1][Ring1][O][C][C][=C][Branch1_1][Branch1_3][C][=C][C][=C][Ring1][Branch1_2][Cl],
E037,[C][Branch1_2][C][=O][Branch1_1][Ring1][O][C][C][=C][Branch1_1][Branch1_3][C][=C][C][=C][Ring1][Branch1_2][Br],
E038,[C][Branch1_2][C][=O][Branch1_1][Ring1][O][C][C][=C][Branch1_1][Branch1_3][C][=C][C][=C][Ring1][Branch1_2][I],
E039,[C][Branch1_2][C][=O][Branch1_1][Ring1][O][C][C][=C][C][Branch1_2][Branch1_2][=C][C][=C][Ring1][Branch1_2][F],
E040,[C][Branch1_2][C][=O][Branch1_1][Ring1][O][C][C][=C][C][Branch1_2][Branch1_2][=C][C][=C][Ring1][Branch1_2][C][Branch1_1][C][F][Branch1_1][C][F][F],
E041,[C][Branch1_2][C][=O][Branch1_1][Ring1][O][C][C][=C][C][Branch1_2][Branch1_2][=C][C][=C][Ring1][Branch1_2][Cl],
E042,[C][Branch1_2][C][=O][Branch1_1][Ring1][O][C][C][=C][C][Branch1_2][Branch1_2][=C][C][=C][Ring1][Branch1_2][Br],
E043,[C][Branch1_2][C][=O][Branch1_1][Ring1][O][C][C][=C][C][=C][Branch1_1][Branch1_1][C][=C][Ring1][Branch1_2][F],
E044,[C][Branch1_2][C][=O][Branch1_1][Ring1][O][C][C][=C][C][=C][Branch1_1][Branch1_1][C][=C][Ring1][Branch1_2][C][Branch1_1][C][F][Branch1_1][C][F][F],
E045,[C][Branch1_2][C][=O][Branch1_1][Ring1][O][C][C][=C][C][=C][Branch1_1][Branch1_1][C][=C][Ring1][Branch1_2][Cl],
E046,[C][Branch1_2][C][=O][Branch1_1][Ring1][O][C][C][=C][C][=C][Branch1_1][Branch1_1][C][=C][Ring1][Branch1_2][Br],
E047,[C][Branch1_2][C][=O][Branch1_1][Ring1][O][C][C][=C][C][=C][Branch1_1][Branch1_1][C][=C][Ring1][Branch1_2][O][C],
E048,[C][Branch1_2][C][=O][Branch1_1][Ring1][O][C][C][=C][C][=C][Branch1_1][Branch1_1][C][=C][Ring1][Branch1_2][C],
E049,[C][Branch1_2][C][=O][Branch1_1][Ring1][O][C][C][=C][C][=C][C][=C][Ring1][Branch1_2][C][Branch1_2][C][=O][O][C],
E050,[C][Branch1_2][C][=O][Branch1_1][Ring1][O][C][C][=C][C][=C][Branch1_1][Branch2_1][C][Branch1_2][Ring2][=C][Ring1][Branch1_2][F][F],
E051,[C][Branch1_2][C][=O][Branch1_1][Ring1][O][C][C][=C][Branch1_1][P][C][Branch1_2][=N][=C][Branch1_1][Branch2_2][C][Branch1_2][Branch1_1][=C][Ring1][Branch1_2][F][F][F][F][F],
E052,[O][Branch1_1][=C][C][Branch1_2][C][=O][C][C][=C][C][=C][C][=C][Ring1][Branch1_2][C],
E053,[O][Branch1_1][S][C][Branch1_2][C][=O][C][C][C][C][C][C][C][C][C][C][C][C],
E054,[O][Branch2_1][Ring1][C][C][Branch1_2][C][=O][C][C][C][C][C][C][C][C][C][C][C][C][C][C],
E055,[O][Branch2_1][Ring1][Ring2][C][Branch1_2][C][=O][C][C][C][C][C][C][C][C][C][C][C][C][C][C][C][C],
E056,[C][Branch1_2][S][=C][C][=C][C][Branch1_2][Ring2][=C][Ring1][Branch1_2][C][Branch1_2][C][=O][O][C][C][Branch1_2][C][=O][O][C],
E057,[C][Branch1_2][C][=O][Branch1_1][Ring1][O][C][C][/C][=C][/C][C][C][C][C],
E058,[C][Branch1_2][C][=O][Branch1_1][Branch1_3][O][C][C][C][C][C][C][C][C][C],
E059,[C][Branch1_2][Branch2_1][=C][C][=C][C][=N][Ring1][Branch1_2][C][Branch1_2][C][=O][O][C],
E060,[O][Branch1_1][Branch1_2][C][Branch1_2][C][=O][C][C][C][C][C][C][C],
E061,[C][C][Branch1_2][C][=O][O][C][C][Ring1][Branch1_2],
E062,[C][C][Branch1_2][C][=O][O][C][C][Branch1_2][C][=O][O][Ring1][Branch2_1],
E063,[C@Hexpl][Branch1_1][P][C][Branch1_2][C][=O][O][C@Hexpl][Branch1_1][Branch2_1][C][Branch1_2][C][=O][O][Ring1][Branch2_1][C][C],
E064,[C@@Hexpl][Branch1_1][P][C][Branch1_2][C][=O][O][C@Hexpl][Branch1_1][Branch2_1][C][Branch1_2][C][=O][O][Ring1][Branch2_1][C][C],
E065,[C][Branch1_2][C][=O][Branch1_1][Ring1][O][C][C@Hexpl][Branch1_1][Branch2_3][C][C][=C][C][=C][C][=C][Ring1][Branch1_2][C],
E066,[C][Branch1_2][C][=O][Branch1_1][Ring1][O][C][C@Hexpl][Branch1_1][C][C][N][C][Branch1_2][C][=O][O][C][Branch1_1][C][C][Branch1_1][C][C][C],
E067,[C][Branch1_2][C][=O][Branch1_1][Ring1][O][C][C][C@@Hexpl][Branch1_1][C][C][N],
E068,[C][Branch1_2][C][=O][Branch1_1][Ring1][O][C][C][C@@Hexpl][Branch1_1][C][C][O],
E069,[C][Branch1_2][C][=O][Branch1_1][Ring1][O][C][C@Hexpl][Branch1_1][Branch1_2][C][Branch1_1][C][C][C][N][C][Branch1_2][C][=O][O][C][Branch1_1][C][C][Branch1_1][C][C][C],
E070,[C][C][C@Hexpl][Branch2_1][Ring1][Ring2][N][Branch1_1][Ring2][C][Ring1][Branch1_1][C][Branch1_2][C][=O][O][C][Branch1_1][C][C][Branch1_1][C][C][C][C][Branch1_2][C][=O][O][C],
E071,[C][Branch1_2][C][=O][Branch1_1][Ring1][O][C][C@Hexpl][Branch1_1][C][C][N][C][=C][C][=C][C][=C][Ring1][Branch1_2],
E072,[C][Branch1_2][C][=O][Branch1_1][Ring1][O][C][C@Hexpl][Branch1_1][C][C][O][C][C][=C][C][=C][C][=C][Ring1][Branch1_2],
E073,[C][Branch1_2][C][=O][Branch1_1][Ring1][O][C][C@Hexpl][Branch1_1][C][C][N],
E074,[C][Branch1_2][C][=O][Branch1_1][Ring1][O][C][C@Hexpl][Branch1_1][C][C][O],
E075,[C][Branch1_2][C][=O][Branch1_1][Branch2_3][O][C][=C][C][=C][C][=C][Ring1][Branch1_2][C][=C][C][=C][C][=C][Ring1][Branch1_2],
E076,[C][=C][C][Branch1_2][Branch1_2][=C][C][=C][Ring1][Branch1_2][C][Branch1_2][C][=O][O][C][Ring1][Branch2_2],
E077,[C][Branch1_2][C][=O][Branch1_1][Ring2][O][C][C][C][C][C][C][C],
E078,[C][Branch1_2][C][=O][Branch1_1][Ring1][O][C][C][Branch2_1][Ring1][#C][C][Branch2_1][Ring1][Branch1_3][C][Branch1_1][S][C][Branch1_1][Branch2_2][C][Branch1_1][C][F][Branch1_1][C][F][F][Branch1_1][C][F][F][Branch1_1][C][F][F][Branch1_1][C][F][F][Branch1_1][C][F][F],
E079,[C][Branch1_2][C][=O][Branch1_1][Ring1][O][C][O][C],
E080,[C][C][O][C][Branch1_2][C][=O][C@Hexpl][Ring1][Branch1_2][C][=C][C][=C][C][=C][Ring1][Branch1_2],
E081,[C][=C][C][=C][C][=C][Ring1][Branch1_2][C][=C][C][Branch1_2][Ring2][=C][Ring1][Branch1_2][C][Branch1_2][C][=O][O][C],
E082,[C][Branch1_2][C][=O][Branch1_1][Ring1][O][C][C][=C][C][=C][Branch1_1][Branch1_1][C][=C][Ring1][Branch1_2][N],
E083,[C][Branch1_2][C][=O][Branch1_1][Ring1][O][C][C][=C][C][=C][N][=C][Ring1][Branch1_2],
E084,[C][Branch1_2][C][=O][Branch1_1][Ring1][O][C][C][=C][C][=C][Branch1_1][Branch1_1][C][=C][Ring1][Branch1_2][N],
E085,[C][C][Branch1_1][Branch1_2][C][C][C][Ring1][Branch1_1][C][Branch1_2][C][=O][O][C][C][C][C][C][Ring1][Branch1_1],
E086,[O][C][Branch1_2][C][=O][C@Hexpl][Branch1_1][Branch1_1][C][C][Ring1][Branch1_2][C][=C][C][=C][Branch1_1][Branch1_1][C][=C][Ring1][Branch1_2][C][Branch1_1][C][F][Branch1_1][C][F][F],
E087,[O][C][Branch1_2][C][=O][C@Hexpl][Branch1_1][Branch1_1][C][C][Ring1][Branch1_2][C][=C][C][=C][Branch1_1][Branch1_1][C][=C][Ring1][Branch1_2][O][C],
E088,[O][C][Branch1_2][C][=O][C@Hexpl][Branch1_1][Branch1_1][C][C][Ring1][Branch1_2][C][C][=C][C][=C][C][=C][Ring1][Branch1_2],
E089,[O][C][Branch1_2][C][=O][C@Hexpl][Branch1_1][Branch1_1][C][C][Ring1][Branch1_2][C][C][=C][C][=C][Branch1_1][Branch1_1][C][=C][Ring1][Branch1_2][O][C],
E090,[O][C][Branch1_2][C][=O][C@Hexpl][Branch1_1][Branch1_1][C][C][Ring1][Branch1_2][C][C][=C][C][Branch1_2][Branch1_2][=C][C][=C][Ring1][Branch1_2][O][C][=C][C][=C][C][=C][Ring1][Branch1_2],
E091,[O][C][Branch1_2][C][=O][C@Hexpl][Branch1_1][Branch1_1][C][C][Ring1][Branch1_2][C][C][=C][C][=C][Branch1_1][Branch1_1][C][=C][Ring1][Branch1_2][O][C][O][Ring1][Branch1_3],
E092,[O][C][Branch1_2][C][=O][C@Hexpl][Branch1_1][Branch1_1][C][C][Ring1][Branch1_2][C][C][C][C][C],
E093,[C][Branch1_2][C][=O][C@Hexpl][Branch1_1][Branch1_3][C][C][C][O][Ring1][Branch1_3][C][=C][C][=C][C][=C][Ring1][Branch1_2],
E094,[C][Branch1_2][C][=O][C@Hexpl][Branch1_1][Branch1_3][C][C][C][O][Ring1][Branch1_3][C][=C][C][=C][Branch1_1][Branch1_1][C][=C][Ring1][Branch1_2][O][C],
E095,[C][Branch1_2][C][=O][C@Hexpl][Branch1_1][Branch1_3][C][C][C][O][Ring1][Branch1_3][C][=C][C][=C][Branch1_1][Branch1_1][C][=C][Ring1][Branch1_2][F],
E096,[C][Branch1_2][C][=O][Branch1_1][Ring1][O][C][C][=C][C][=C][Branch1_1][Branch1_1][C][=C][Ring1][Branch1_2][C][Branch1_1][C][C][Branch1_1][C][C][C],
E097,[C][Branch1_2][C][=O][Branch1_1][Ring1][O][C][C][C][O][C],
E098,[C][Branch1_2][C][=O][Branch1_1][Ring1][O][C][C][C][C][C][C][C][C][C][C],
E099,[C][O][C][Branch1_2][C][=O][O][C][Ring1][Branch1_2],
E100,[O][Branch1_1][Branch2_3][C][Branch1_2][C][=O][C][Branch1_1][C][C][C][C][C],
E101,[C][Branch1_2][C][=O][Branch1_1][Ring1][O][C][C][=C][Branch1_1][Branch1_3][C][=C][C][=C][Ring1][Branch1_2][O],
E102,[C][Branch1_2][C][=O][Branch1_1][Ring1][O][C][C][=C][C][Branch1_2][Branch1_2][=C][C][=C][Ring1][Branch1_2][C][Branch1_2][C][=O][O][C],
E103,[O][Branch1_1][Branch1_2][C][Branch1_2][C][=O][C][C][C][C][C][C][C][C],
E104,[O][Branch1_1][Branch1_3][C][Branch1_2][C][=O][C][C][C][C][C][C][C][C][C],
E105,[C][C][C@Hexpl][Branch1_1][Branch1_2][O][C][Ring1][Branch1_1][=O][C][C],
E106,[O][Branch1_1][Branch1_2][C][Branch1_2][C][=O][C][C][C][C][=C][C][=C][C][=C][Ring1][Branch1_2],
E107,[C][C][Branch1_2][C][=O][O][C][C][C][Ring1][Branch1_3],
E108,[C@Hexpl][Branch1_1][Branch2_1][C][C][O][C][Ring1][Branch1_1][=O][C],
E109,[C][C][C@Hexpl][Branch1_1][Branch1_2][O][C][Ring1][Branch1_1][=O][C][C][C][C][C],
E110,[C][C][Branch1_2][C][=O][O][C@Hexpl][Branch1_1][Branch1_1][C][C][Ring1][Branch1_3][C][C][C][C],
E111,[C][C][Branch1_1][Branch1_3][C][C][C][C][Ring1][Branch1_2][C][Branch1_2][C][=O][O][C],
E112,[C][C][C@Hexpl][Branch1_1][Branch1_2][O][C][Ring1][Branch1_1][=O][C],
E113,[C][C][Branch1_2][C][=O][O][C@Hexpl][Branch1_1][Branch1_1][C][C][Ring1][Branch1_3][C][C][C][C][C],
E114,[C][Branch1_2][C][=O][Branch1_1][Ring1][O][C][C][Branch1_1][C][C][Branch1_1][C][C][C],
